Test,Status,Total,Writes,Reads,SB Errors,UVM Errors,UVM Warnings
ahb_master_data_full_one_test,PASS,2,1,1,0,0,0
ahb_master_data_zero_test,PASS,2,1,1,0,0,0
ahb_master_driver_wait_state_test,PASS,37,19,18,0,0,0
ahb_master_high_boundary_address_test,PASS,10,6,4,0,0,0
ahb_master_hsize_byte_test,PASS,16,8,8,0,0,0
ahb_master_hsize_hword_test,PASS,10,6,4,0,0,0
ahb_master_hsize_word_test,PASS,32,16,16,0,0,0
ahb_master_incr16_test,PASS,32,16,16,0,0,0
ahb_master_incr4_test,PASS,8,4,4,0,0,0
ahb_master_incr8_test,PASS,16,8,8,0,0,0
ahb_master_incr_test,PASS,10,6,4,0,0,0
ahb_master_low_boundary_address_test,PASS,34,18,16,0,0,0
ahb_master_random_30_test,PASS,599,315,284,0,0,0
ahb_master_random_test,PASS,2,1,1,0,0,0
ahb_master_single_test,PASS,2,1,1,0,0,0
ahb_master_slv1_test,PASS,10,6,4,0,0,0
ahb_master_slv2_test,PASS,10,6,4,0,0,0
ahb_master_slv3_test,PASS,16,8,8,0,0,0
ahb_master_slv4_test,PASS,10,6,4,0,0,0
ahb_master_wrap16_test,PASS,34,18,16,0,0,0
ahb_master_wrap4_test,PASS,10,6,4,0,0,0
ahb_master_wrap8_test,PASS,18,10,8,0,0,0
